CSV,baseline_empty,1000000,87
CSV,baseline_empty,1000000,85
CSV,baseline_empty,1000000,86
CSV,baseline_empty,1000000,86
CSV,baseline_empty,1000000,86
CSV,baseline_empty,1000000,86
CSV,baseline_empty,1000000,85
CSV,baseline_empty,1000000,87
CSV,baseline_empty,1000000,86
CSV,baseline_empty,1000000,87
CSV,baseline_empty,1000000,86
CSV,baseline_empty,1000000,86
CSV,baseline_empty,1000000,86
CSV,baseline_empty,1000000,88
CSV,baseline_empty,1000000,86
CSV,baseline_empty,1000000,86
CSV,baseline_empty,1000000,86
CSV,baseline_empty,1000000,86
CSV,baseline_empty,1000000,87
CSV,baseline_empty,1000000,87
CSV,simd_0,1000000,149
CSV,simd_0,1000000,149
CSV,simd_0,1000000,148
CSV,simd_0,1000000,149
CSV,simd_0,1000000,149
CSV,simd_0,1000000,149
CSV,simd_0,1000000,149
CSV,simd_0,1000000,149
CSV,simd_0,1000000,148
CSV,simd_0,1000000,149
CSV,simd_0,1000000,149
CSV,simd_0,1000000,149
CSV,simd_0,1000000,148
CSV,simd_0,1000000,149
CSV,simd_0,1000000,149
CSV,simd_0,1000000,148
CSV,simd_0,1000000,149
CSV,simd_0,1000000,149
CSV,simd_0,1000000,148
CSV,simd_0,1000000,149
CSV,simd_1,1000000,150
CSV,simd_1,1000000,149
CSV,simd_1,1000000,149
CSV,simd_1,1000000,150
CSV,simd_1,1000000,149
CSV,simd_1,1000000,148
CSV,simd_1,1000000,149
CSV,simd_1,1000000,149
CSV,simd_1,1000000,150
CSV,simd_1,1000000,150
CSV,simd_1,1000000,150
CSV,simd_1,1000000,149
CSV,simd_1,1000000,149
CSV,simd_1,1000000,149
CSV,simd_1,1000000,149
CSV,simd_1,1000000,149
CSV,simd_1,1000000,149
CSV,simd_1,1000000,150
CSV,simd_1,1000000,150
CSV,simd_1,1000000,149
CSV,simd_2,1000000,148
CSV,simd_2,1000000,150
CSV,simd_2,1000000,150
CSV,simd_2,1000000,150
CSV,simd_2,1000000,149
CSV,simd_2,1000000,148
CSV,simd_2,1000000,149
CSV,simd_2,1000000,150
CSV,simd_2,1000000,150
CSV,simd_2,1000000,149
CSV,simd_2,1000000,150
CSV,simd_2,1000000,149
CSV,simd_2,1000000,149
CSV,simd_2,1000000,149
CSV,simd_2,1000000,150
CSV,simd_2,1000000,149
CSV,simd_2,1000000,151
CSV,simd_2,1000000,149
CSV,simd_2,1000000,150
CSV,simd_2,1000000,149
CSV,simd_4,1000000,150
CSV,simd_4,1000000,150
CSV,simd_4,1000000,150
CSV,simd_4,1000000,149
CSV,simd_4,1000000,150
CSV,simd_4,1000000,150
CSV,simd_4,1000000,150
CSV,simd_4,1000000,150
CSV,simd_4,1000000,150
CSV,simd_4,1000000,150
CSV,simd_4,1000000,150
CSV,simd_4,1000000,150
CSV,simd_4,1000000,150
CSV,simd_4,1000000,150
CSV,simd_4,1000000,151
CSV,simd_4,1000000,151
CSV,simd_4,1000000,150
CSV,simd_4,1000000,149
CSV,simd_4,1000000,150
CSV,simd_4,1000000,150
CSV,simd_8,1000000,151
CSV,simd_8,1000000,151
CSV,simd_8,1000000,152
CSV,simd_8,1000000,152
CSV,simd_8,1000000,152
CSV,simd_8,1000000,151
CSV,simd_8,1000000,151
CSV,simd_8,1000000,152
CSV,simd_8,1000000,152
CSV,simd_8,1000000,152
CSV,simd_8,1000000,152
CSV,simd_8,1000000,151
CSV,simd_8,1000000,151
CSV,simd_8,1000000,152
CSV,simd_8,1000000,152
CSV,simd_8,1000000,152
CSV,simd_8,1000000,151
CSV,simd_8,1000000,151
CSV,simd_8,1000000,152
CSV,simd_8,1000000,152
CSV,simd_16,1000000,154
CSV,simd_16,1000000,153
CSV,simd_16,1000000,154
CSV,simd_16,1000000,154
CSV,simd_16,1000000,153
CSV,simd_16,1000000,154
CSV,simd_16,1000000,153
CSV,simd_16,1000000,153
CSV,simd_16,1000000,153
CSV,simd_16,1000000,153
CSV,simd_16,1000000,153
CSV,simd_16,1000000,153
CSV,simd_16,1000000,155
CSV,simd_16,1000000,153
CSV,simd_16,1000000,155
CSV,simd_16,1000000,153
CSV,simd_16,1000000,154
CSV,simd_16,1000000,153
CSV,simd_16,1000000,154
CSV,simd_16,1000000,155
CSV,simd_32,1000000,161
CSV,simd_32,1000000,161
CSV,simd_32,1000000,161
CSV,simd_32,1000000,161
CSV,simd_32,1000000,161
CSV,simd_32,1000000,161
CSV,simd_32,1000000,161
CSV,simd_32,1000000,162
CSV,simd_32,1000000,161
CSV,simd_32,1000000,162
CSV,simd_32,1000000,162
CSV,simd_32,1000000,161
CSV,simd_32,1000000,161
CSV,simd_32,1000000,162
CSV,simd_32,1000000,161
CSV,simd_32,1000000,161
CSV,simd_32,1000000,161
CSV,simd_32,1000000,160
CSV,simd_32,1000000,161
CSV,simd_32,1000000,161
CSV,simd_40,1000000,168
CSV,simd_40,1000000,168
CSV,simd_40,1000000,168
CSV,simd_40,1000000,169
CSV,simd_40,1000000,168
CSV,simd_40,1000000,167
CSV,simd_40,1000000,168
CSV,simd_40,1000000,169
CSV,simd_40,1000000,169
CSV,simd_40,1000000,168
CSV,simd_40,1000000,168
CSV,simd_40,1000000,168
CSV,simd_40,1000000,169
CSV,simd_40,1000000,168
CSV,simd_40,1000000,169
CSV,simd_40,1000000,168
CSV,simd_40,1000000,168
CSV,simd_40,1000000,168
CSV,simd_40,1000000,168
CSV,simd_40,1000000,169
CSV,simd_48,1000000,176
CSV,simd_48,1000000,176
CSV,simd_48,1000000,175
CSV,simd_48,1000000,176
CSV,simd_48,1000000,176
CSV,simd_48,1000000,176
CSV,simd_48,1000000,176
CSV,simd_48,1000000,175
CSV,simd_48,1000000,175
CSV,simd_48,1000000,175
CSV,simd_48,1000000,176
CSV,simd_48,1000000,175
CSV,simd_48,1000000,175
CSV,simd_48,1000000,175
CSV,simd_48,1000000,176
CSV,simd_48,1000000,176
CSV,simd_48,1000000,176
CSV,simd_48,1000000,176
CSV,simd_48,1000000,176
CSV,simd_48,1000000,175
CSV,simd_56,1000000,182
CSV,simd_56,1000000,182
CSV,simd_56,1000000,183
CSV,simd_56,1000000,182
CSV,simd_56,1000000,183
CSV,simd_56,1000000,183
CSV,simd_56,1000000,183
CSV,simd_56,1000000,183
CSV,simd_56,1000000,183
CSV,simd_56,1000000,182
CSV,simd_56,1000000,183
CSV,simd_56,1000000,183
CSV,simd_56,1000000,182
CSV,simd_56,1000000,182
CSV,simd_56,1000000,183
CSV,simd_56,1000000,183
CSV,simd_56,1000000,183
CSV,simd_56,1000000,182
CSV,simd_56,1000000,182
CSV,simd_56,1000000,182
CSV,simd_64,1000000,190
CSV,simd_64,1000000,190
CSV,simd_64,1000000,190
CSV,simd_64,1000000,190
CSV,simd_64,1000000,190
CSV,simd_64,1000000,190
CSV,simd_64,1000000,190
CSV,simd_64,1000000,190
CSV,simd_64,1000000,190
CSV,simd_64,1000000,190
CSV,simd_64,1000000,190
CSV,simd_64,1000000,190
CSV,simd_64,1000000,190
CSV,simd_64,1000000,190
CSV,simd_64,1000000,190
CSV,simd_64,1000000,190
CSV,simd_64,1000000,190
CSV,simd_64,1000000,190
CSV,simd_64,1000000,190
CSV,simd_64,1000000,190
CSV,simd_80,1000000,204
CSV,simd_80,1000000,204
CSV,simd_80,1000000,205
CSV,simd_80,1000000,205
CSV,simd_80,1000000,204
CSV,simd_80,1000000,204
CSV,simd_80,1000000,204
CSV,simd_80,1000000,204
CSV,simd_80,1000000,205
CSV,simd_80,1000000,204
CSV,simd_80,1000000,205
CSV,simd_80,1000000,204
CSV,simd_80,1000000,204
CSV,simd_80,1000000,204
CSV,simd_80,1000000,205
CSV,simd_80,1000000,205
CSV,simd_80,1000000,205
CSV,simd_80,1000000,205
CSV,simd_80,1000000,204
CSV,simd_80,1000000,204
CSV,simd_96,1000000,219
CSV,simd_96,1000000,219
CSV,simd_96,1000000,220
CSV,simd_96,1000000,220
CSV,simd_96,1000000,219
CSV,simd_96,1000000,220
CSV,simd_96,1000000,218
CSV,simd_96,1000000,218
CSV,simd_96,1000000,218
CSV,simd_96,1000000,219
CSV,simd_96,1000000,220
CSV,simd_96,1000000,219
CSV,simd_96,1000000,220
CSV,simd_96,1000000,221
CSV,simd_96,1000000,219
CSV,simd_96,1000000,220
CSV,simd_96,1000000,220
CSV,simd_96,1000000,219
CSV,simd_96,1000000,219
CSV,simd_96,1000000,219
CSV,simd_128,1000000,247
CSV,simd_128,1000000,247
CSV,simd_128,1000000,247
CSV,simd_128,1000000,249
CSV,simd_128,1000000,247
CSV,simd_128,1000000,247
CSV,simd_128,1000000,248
CSV,simd_128,1000000,249
CSV,simd_128,1000000,247
CSV,simd_128,1000000,248
CSV,simd_128,1000000,249
CSV,simd_128,1000000,248
CSV,simd_128,1000000,249
CSV,simd_128,1000000,249
CSV,simd_128,1000000,248
CSV,simd_128,1000000,249
CSV,simd_128,1000000,249
CSV,simd_128,1000000,248
CSV,simd_128,1000000,248
CSV,simd_128,1000000,248
